Post ID,Post Type,Likes,Shares,Comments
e3f5084f-97c6-4d9f-8667-dff34a33ec4a,Reels,60,20,61
052601e5-1c3e-48c8-86ec-9498eee17471,Carousel,179,35,53
718866a5-72e0-43d5-a4e1-73305253ce20,Static Image,95,28,76
74dae66b-2a75-44d8-b62e-4562e91c5457,Static Image,105,10,32
1fdda9cd-3753-4690-8fb7-0696853cc9dd,Static Image,155,16,29
f93a009a-907e-42ec-bbe1-7cfabece3ecb,Static Image,146,47,55
22dab4ae-a2e4-4b35-8126-3126481178d7,Reels,56,49,33
9fdeed5b-483d-461f-81e7-ce61b6482114,Static Image,195,32,49
02870a8a-4ba2-479f-9539-8d4154f2fe23,Static Image,100,20,42
87d25821-d7c0-4d09-a4a1-a06f605d89ce,Carousel,54,35,72
8ded443d-95c0-4f72-8ffb-0c5805261bc1,Carousel,101,43,35
fa586279-db99-4e31-a4e0-a0d20b5416de,Static Image,140,36,77
ff3418ab-73bf-477c-b7ea-2ebdf848293a,Reels,115,48,36
61ae9bba-82db-4d63-b7c9-fe0bdc0916f7,Reels,60,23,57
37e29cad-9a5f-4f93-95ea-cdb23cc8f852,Carousel,62,48,61
930c5ab2-0e1e-49fe-9524-e1e2095dcc60,Carousel,127,33,36
6980d30e-fa44-4312-a887-7ac62de13a92,Static Image,143,20,35
d3ee24c5-539c-484f-9686-7d59cca2984d,Reels,146,23,53
97fd99af-2713-49d4-bb41-0901d161bc88,Carousel,199,24,42
9d1c19af-ed4b-4072-83e6-3460b4e8540e,Static Image,106,12,25
e4a91347-ddc1-4d17-b94e-3d336e7255f4,Carousel,183,31,70
042887f4-02fa-4143-8c3c-853f1e4c7257,Static Image,169,40,71
f1ceaff7-e2af-4762-9ac7-6d788c75299a,Static Image,76,34,41
daae8d4f-c5ca-44ae-9150-8db973208319,Reels,156,43,50
2bffdf6f-658b-4105-8952-3bbea21f000f,Reels,170,49,40
05cc6694-686f-4c34-bcce-c245ea49391c,Carousel,172,50,53
319e34fc-f6fe-49eb-9e3b-5daa487fbdf1,Carousel,155,23,68
6297e5e1-5966-4832-a899-2377969be03e,Static Image,58,27,35
f70aa86a-b812-46e8-89e4-28611e190c61,Carousel,79,10,20
e4632538-ed28-49bc-80f0-f50618656544,Carousel,77,42,65
4856b038-e46f-4467-8db1-25ba90344685,Carousel,76,31,43
d1ad55c2-2936-4400-bc8f-556fd3b3c7c3,Reels,144,31,62
35b02cca-5dd0-4d03-87bd-8ab499800772,Carousel,99,32,26
326cf12d-ec75-433c-8e2e-24aba0530e10,Carousel,101,35,56
396a6c13-3f3e-472a-9277-72f4d38da35a,Reels,52,24,61
f97eda84-1f6c-4acd-bb3c-b139a1796346,Static Image,145,36,67
60f72308-1e6f-4b04-8248-826e18339d48,Reels,144,49,28
a76ea4a1-5539-4f93-8e44-8110e844cef6,Reels,58,29,73
30241476-f52f-4fcc-a5b6-d28991881279,Reels,143,40,29
99c2085f-3259-4928-a630-115625c10ef0,Reels,63,29,74
615289ca-7856-4145-9588-be43f2de3216,Reels,77,49,45
ffb5bfb0-f4f1-4d7b-a330-fa7652043ee0,Carousel,165,42,74
72e30043-c0e4-4f18-8155-2eb474a87cc5,Static Image,115,18,57
79640dcd-cfdf-4e59-b41e-2ab096ead5c0,Static Image,120,50,38
7a0b618d-28e1-414f-8701-d477d6690c55,Reels,70,22,37
c6b1f3bf-c24c-4bc2-ae0b-5162c3154728,Carousel,145,41,78
b4f3dba2-56d5-4ea2-83c1-13a1ffcb35e6,Carousel,199,48,23
7685edfa-f33c-4ac2-820f-5ff760917f09,Carousel,76,32,22
4df9eee9-aa41-4182-86cb-91823abea924,Reels,127,41,32
0b54e3de-e12a-4aa0-9e25-49445f367fa5,Static Image,161,29,21
1e7405fd-2e5f-477a-9903-fb8b33b50065,Carousel,73,42,77
ce109a2a-df89-48e4-b6d4-11c36d34f3b7,Static Image,93,20,73
58efa990-81d3-4c23-8cad-128aae53ebf7,Reels,50,19,68
c69bbd5f-322d-4176-b5d4-4e9158e46640,Reels,88,33,75
6f26b11d-e2b1-49e7-a97d-56234f474648,Carousel,98,13,25
a6eb160f-d5c9-499f-b8de-8a4dfe012287,Carousel,61,43,22
5df2bc41-ba04-4ff5-b6c3-04239b484788,Reels,200,12,60
bc901a93-d155-46ab-abe1-f6709d31e0a3,Static Image,127,47,57
0c1bddd4-e36a-4f9d-98bf-b139b458704b,Reels,151,20,59
c18a23a5-4ab4-47c4-b04d-642d9f12a060,Carousel,87,50,51
9e36610a-2c3e-4b5c-9867-3981cf8de792,Carousel,180,13,46
2a8b51ca-7ba7-4911-9516-e18f99bd1668,Reels,112,41,69
1e136a62-55c4-491e-9930-2807251606b2,Carousel,89,16,28
a8b4c301-cfe7-4db1-b5cb-dada9e9b5bd1,Carousel,163,28,60
166acf21-fd0d-46d2-842e-6f0270ba8484,Static Image,71,16,80
3c9d71fc-ed27-45af-a1b8-4354366bf780,Static Image,50,39,70
2b36659d-b8c8-4544-a783-3774b459a427,Carousel,156,20,46
ba485366-8d3e-4f25-9276-beff15d72adb,Carousel,89,17,66
e88e6a72-29ce-4e39-8a0b-00352b439cc8,Carousel,73,36,26
3b15f33f-0f9c-445b-9b7c-6e701dc052e7,Reels,54,18,36
9a198f2c-1f00-4abd-9d50-88c2fe586082,Static Image,158,35,73
ab2bb840-3a48-43b2-9a53-cd4cb141457b,Static Image,143,36,60
abff1147-a8c8-4d25-9830-6eca5198cb24,Carousel,87,19,75
0680dbe0-2e49-4e51-846f-31e6636310cb,Reels,170,12,70
a53a1d0f-83ea-407d-97a3-8a063f40f9b7,Reels,144,22,34
b0d719c6-b17e-4897-a065-74e37703d218,Carousel,129,32,41
0e7457b2-6b37-47bf-8102-4b0090f6d470,Reels,172,17,30
a1f6ddf5-8cf9-4fd2-9f02-eeca346d6c6e,Static Image,142,17,46
9bfb0918-41e3-4254-8d22-1715615ab527,Static Image,95,10,40
02a11570-c9fc-4955-92ea-808bde5e7f63,Reels,96,17,36
c94253e2-d4d1-471d-ab23-6dbd76568700,Reels,82,11,77
33636e49-32a2-4fe6-981c-e32019ecebf7,Carousel,62,32,59
a05ca761-7953-42c2-8117-b03a838f2418,Reels,162,32,25
d4d534e2-2abf-4045-aa56-145d31061613,Static Image,177,50,47
c2656454-3e03-4eed-9025-0e3595aa36b3,Static Image,167,15,27
ea559986-415d-4f51-810c-64a61c337569,Reels,128,25,60
938683d9-dac5-49e7-b3c4-617e25a480b8,Carousel,105,40,24
e3000000-5c3f-4b2a-8809-5d26c23dfba2,Reels,59,22,28
4d3d432e-c873-4e96-92f2-5f96268fe4a2,Carousel,87,37,22
1529da2e-f234-411c-8228-90de9637d384,Reels,89,45,75
2b49432c-7c78-4ff4-85e8-547911a27548,Reels,89,19,49
469ac901-4bd3-4afd-b8e3-55e92b72937a,Static Image,130,38,46
890b243b-a22f-4f53-8f4f-731176f78cc7,Carousel,147,21,76
e9923c0e-66f2-4a61-9af4-749d2d524406,Reels,145,42,65
4ef96020-500d-4345-8998-381495151a39,Reels,186,43,62
4242d27d-3a43-4fae-bf17-2fcf3731488c,Carousel,176,21,72
3eebd927-7473-4fb2-9458-c30aee46733b,Static Image,56,25,54
f6aa0b8c-ea66-460c-a53f-dc539dd10fbb,Reels,50,16,50
7669f253-a0e5-4af6-8832-8a3e6fe462ea,Reels,51,33,75
2d106ca6-0876-4280-8bf5-da8ff2f0278f,Static Image,127,31,49
a583300f-7611-4128-b4b5-210ce08b5a5e,Static Image,187,47,63
8698cd5f-7354-4f2e-8960-733c72b6a7d8,Carousel,81,38,21
04b9ff7c-d89a-47cc-9752-3ef1ce3b544a,Reels,63,11,73
370caf81-7cad-4434-a03b-927b9982e560,Carousel,164,33,74
eaa5f5b0-4d7e-4812-99f6-d92e34db8d5f,Static Image,76,10,26
baf3a0a1-8c45-4628-8149-7049f1a53f3a,Carousel,87,50,65
d41b8f38-ff56-400b-b2b6-ca04a32ba59a,Static Image,92,44,44
62fd77f4-f32c-4dd0-bad8-7cf22f8d1740,Reels,50,16,80
a867aeb6-46a3-4b9e-b978-24036029ae7f,Carousel,165,19,72
5b16345a-927d-4aa9-898a-1c7c5e493582,Static Image,102,38,75
5e474b68-2a65-4746-b860-b79431d54bf2,Static Image,114,43,79
fceaec76-378d-4cdb-958d-afb503382a7c,Carousel,62,14,43
81bfd4f2-1733-499f-b954-db2905a1e571,Carousel,116,14,23
11dd9226-e5e6-4391-a209-a1057aa7d1a6,Carousel,185,45,73
a94d6f38-9a99-4c10-a65a-d33cd0e4c304,Reels,71,26,41
262eee6d-4af7-4261-ac39-8f8ec3cb9ef6,Static Image,176,35,68
1b573132-0348-4ac7-b2d1-ca47a40e1527,Static Image,196,22,46
7705b677-9bc9-4f86-b06c-be4e86385cea,Reels,119,13,62
47c00cc4-f1cf-4a23-b990-fa9a31b28dd1,Carousel,134,28,27
334f099d-f040-4685-855d-eb284ba1eab0,Reels,174,44,69
bf02e56d-5420-43a9-b516-f1e8c484e8e3,Reels,93,32,67
663ab96c-ee27-4443-bfb1-a937cd9fd868,Carousel,116,43,76
02c3d71c-194c-4447-bbdc-4befb421b4af,Static Image,52,48,20
847a99c1-ff67-4fe6-9185-acf820184d84,Carousel,98,40,27
6aa5315f-2e0f-4136-b692-bad420297828,Static Image,86,22,42
c920a1e3-e5b1-4a37-a3ef-ae5526abc146,Static Image,140,11,58
cb99e0fe-30f3-464a-9c5b-eda82bf42f48,Reels,174,28,49
30ad50df-6679-4c75-9afe-c9d19e660a0f,Reels,107,16,56
f9bdafde-db4b-47b3-b126-d279e728b0b7,Reels,194,11,69
5bd5e357-1d26-4fb2-b83a-a4fcf06bebf9,Carousel,98,33,70
b83ed4d0-6ff3-48c3-9d55-8d1f288eb371,Static Image,62,32,58
194935fd-d9f9-4ca0-9ea7-00c782c3c890,Carousel,190,29,76
927d4b1c-2b3d-4043-b2b4-ebb38c5c3bf5,Carousel,184,22,55
4501f05d-759a-472a-8ff3-d232f484610e,Reels,85,10,23
57fa94ff-e276-41b0-99c0-2cad842c1a9c,Carousel,147,28,24
5dca939c-8371-4484-ab6e-9dd73baab682,Reels,139,13,58
3da95c6e-f22d-4ff4-8b26-55848649f4e7,Static Image,68,30,27
006a2b57-6453-4126-b2d2-1eb43b49fbfb,Reels,135,34,47
34d08d76-a40a-44aa-a606-5876124d6c59,Reels,157,47,32
599f9071-0f4c-462e-ac36-8312baa55150,Reels,200,16,35
a3b4944e-2ba4-4c96-9453-5e77280f2838,Reels,164,26,37
bd92fe35-3026-4479-9ad8-31e279c7f12e,Carousel,138,14,66
47dd56a3-0f11-4b63-93f8-1f4015c8bd77,Reels,185,16,76
03a4c294-2eaa-45ff-984d-b4e7099c9401,Carousel,71,37,42
33be7918-65a4-415f-9c6e-3235e6f9d228,Static Image,171,22,70
fb208279-ef75-450a-9d01-37a917864635,Reels,175,15,61
140c71fe-338a-4744-8c2b-2aa08ea9a7d9,Static Image,82,48,50
f5658d4e-c3d7-4b97-a6f0-264f08c3aff7,Static Image,129,24,75
a6a1c652-e843-46cf-9d5d-a555444d2d96,Carousel,188,21,57
471fea09-c35c-4537-ab57-b9c5a9646e9e,Reels,93,31,46
faa752c2-fbc7-41cb-bb2c-0e63779a6105,Reels,168,10,21
5072fa8a-7990-4b0c-b3d6-4906931e8d97,Static Image,162,37,35
29950927-2e6a-4b6f-99d6-2d745e97ca2e,Carousel,116,34,54
3de9bc25-02e3-4099-b223-a13317213094,Carousel,170,41,54
e8d6b01d-cc88-42a6-9334-849c08c58c28,Reels,193,43,53
49e4911b-d387-4e66-b881-52ffcaff901e,Reels,143,12,48
b055ff01-8ace-4cb0-b6b6-d388180aa6d1,Reels,150,46,65
9ce8a188-82f9-4679-b107-e57c60d79a0c,Carousel,124,49,50
29c40d1c-f0e6-4836-9f83-35f18534f614,Static Image,178,28,22
2a027de0-3767-4b49-bbfa-c6ac3ddeedbf,Static Image,53,42,48
79d5ff60-b2ca-4185-962c-2af971797ea2,Reels,123,49,54
45256d52-94ac-4450-8816-565498ecbb86,Carousel,176,23,67
89786554-5d39-486e-9ac2-be83aa444e57,Static Image,199,19,40
8282ae86-c312-46c9-abf2-2ea7223e6111,Reels,171,10,67
b67ff3ab-a46d-4669-b994-16e4f45fe6f7,Carousel,125,16,56
7bb40ab2-8aea-43e1-bd0b-eda6866aeed6,Static Image,152,38,72
1fc1d9bf-4441-413a-98de-4e497a7e3813,Reels,114,34,68
9bc2bb9f-2aed-4223-b63f-4c8d48421a7d,Reels,113,38,31
528baa98-652c-4979-a39e-e3ca89e2e9c6,Reels,190,21,36
8497c023-3374-458d-bcf5-ebac492545a6,Reels,64,47,36
199587a2-c606-43a8-81ca-f787a8960118,Static Image,66,10,65
442adb0e-531a-4124-8cd8-89fb74840914,Static Image,66,38,52
ff0827bb-14ab-4335-a92d-84d2b28eb1bc,Carousel,116,34,67
bb0d54ab-fec0-48d5-bf59-61a18628bc45,Static Image,157,17,72
8a7d5331-9662-408e-a1a3-68d30f99d3c1,Carousel,152,19,69
e5a3c3b1-b59d-4c9d-ab40-8997b009681c,Carousel,170,13,47
e1075005-2468-4b5e-bf9b-b4128244f2c2,Static Image,194,22,70
783b60d5-02e3-490c-b82d-934486218cc0,Reels,119,41,28
4f7b5f2f-1e77-424b-898b-1f808133d2e3,Reels,89,13,20
922566d7-84e9-4f1a-a85c-bcb633d997b4,Carousel,118,38,71
a4604899-bcbb-4e75-b06a-3e020b70ac7f,Reels,110,29,41
123f9ba9-f628-4fb6-a4e1-5c12ea0ed902,Static Image,135,41,60
fa5a4772-08a5-4d38-a960-6e674d478cc8,Reels,72,19,30
b08f38ba-cd99-418f-b906-90d1692c4dd3,Reels,68,45,51
a6d39eed-772c-4fe0-9868-ccd1937e2cb1,Carousel,167,15,71
af8f30e4-7af5-430b-970b-249f44f7e82a,Static Image,102,24,26
b47bbe51-0349-45e3-923b-7aabf75e3046,Static Image,114,27,51
4450e9da-0300-4ff7-9787-d562c6b4e03a,Reels,80,26,55
ccbd07c7-45cf-4284-b010-1c1599e40c5e,Reels,52,46,61
60557939-0a1d-4353-acc2-53b1288d46a4,Carousel,103,17,52
7e1a0647-fcc1-42e0-9585-80bf1f10ea0d,Reels,199,32,71
ba827518-7fed-49f0-a322-7210465c8e84,Reels,158,28,54
91000af8-9e76-40f9-8028-470386a16d54,Static Image,123,20,59
1c3ba662-a1fb-422e-b72c-4b18b7bea537,Static Image,191,23,58
5626ed32-60e6-48c4-8e79-097c4d3272e8,Carousel,89,34,43
efdb476c-a926-45b5-af5c-e59c533a99f1,Static Image,110,37,33
85bddcd6-79d2-4b2b-bd02-865bd9ab7185,Reels,196,29,22
d824f4e7-047b-490e-8fe3-1fedde34be6e,Static Image,139,18,34
ab796672-5130-4e96-8015-50cdecbdfe84,Reels,81,40,45
6088fc50-a38f-4f33-bbd1-9420fb21310e,Carousel,188,14,35
d528e8b1-3aff-42ca-bffe-289c7c9ec550,Reels,151,10,50
ffbe9214-e751-4e44-b173-bd34d84c30dd,Carousel,160,41,80
b2e6ddb3-22df-437a-957c-de2411ef1d52,Reels,89,28,55
a693c7af-b232-4222-8642-e7ed8e304aa5,Reels,82,48,69
4e95ddf1-f734-42f9-bf69-ed0cc7349b94,Reels,126,32,66
607d4f2d-1f89-43d8-8017-dd8b7f6aab35,Reels,149,35,77
59b099d7-6ef0-4a6d-96fd-3e457fd3509d,Carousel,55,30,60
0d94f412-6fa3-4385-919b-fe1cd8a6bffb,Reels,89,24,56
afe480f1-6a1a-404e-bcd2-727d6053b0a5,Reels,181,47,68
b3e3998b-6894-4a10-a408-43872e0a7801,Reels,164,18,23
9e70acf4-26d1-460a-b2cc-e54f23801af0,Reels,74,46,20
b9b48766-f566-4001-9958-88401cec9811,Static Image,63,50,41
e0493d70-b69c-4576-b664-0a37b3a18c50,Reels,183,32,70
2db2bcb8-aa0a-482f-83a5-105f678cab1f,Static Image,122,14,34
7411a8b1-e638-4f07-adbe-3f1aae774d6e,Static Image,120,27,27
6978c0e2-861a-4a00-94fb-609e491e138d,Static Image,57,26,63
dae1d6f9-8bf7-4314-9d9a-62c75281db7c,Carousel,60,26,49
b3cf0ea6-23c1-45b4-ba0f-52e4f2e64bf7,Static Image,118,35,29
599a9445-7989-4c79-a070-98a678c935ff,Reels,151,12,67
f9630bf2-c0e5-40a5-ae57-eaf0b52db4df,Carousel,143,10,21
fa5fa724-4598-4fed-a2eb-44525421b754,Carousel,60,23,45
c4718335-d090-44ba-b050-b837f1c4dea7,Carousel,155,45,53
5e8f3ce3-07e2-4df7-8a56-a756c9ad1fe4,Carousel,68,38,65
aacde284-6bd7-433f-be03-0a8e8d2afb36,Reels,158,37,29
78a6ef19-85de-4e6d-a9cd-d9a38ce42d48,Reels,164,27,44
7812cf18-c0b9-4131-949d-4622c46e41a0,Reels,111,15,39
37db6085-2829-47fd-80e7-9d1bec8df6a8,Reels,143,24,57
3d593740-4b5b-49c3-a075-2b85bd3d5377,Carousel,82,22,31
ab9d7efd-b71f-47c4-9c21-5ab21827a7df,Carousel,196,38,28
295a206e-8cf5-40b4-bc32-e100ff61a54a,Static Image,97,50,70
0d469aac-da29-413b-a161-f5360563b9f8,Reels,185,17,21
41549fa8-e2c1-4807-b18a-3d9944cde45f,Static Image,61,32,36
dd75714c-971d-46d1-b269-463a77515ab3,Reels,181,16,36
61eff47f-8b44-429b-8c6e-867a76365e10,Carousel,101,44,48
589886e2-d6cb-40d6-87e9-7d408830ddd6,Carousel,157,24,41
1fad0550-3105-4e4c-bad8-7bc459ee24f5,Reels,68,17,42
6ca97503-c85f-4c2f-afd3-113b6ae90574,Reels,165,20,30
3b8bbdd4-e148-4753-9c35-b55c22803e4e,Reels,139,12,37
6112feab-42c6-4401-b49e-dea4387cba6e,Reels,152,36,22
0b34833c-3ad9-4ae0-a5cf-e7ee74879ad8,Static Image,78,45,54
1b174842-a5e5-4612-961b-9e0ee55e936f,Static Image,69,29,78
12a7a483-1a98-4f62-ac2f-542663be8a7e,Carousel,200,39,38
3cf7bebd-55ff-46cb-981a-c7d206737495,Reels,163,37,47
2c336e44-07f6-4696-8ebc-b2e6c0f3ea17,Carousel,104,10,25
4084f05c-d27e-4ba3-82de-15ef407a26d8,Reels,200,37,41
dc22f5e0-8ea1-4d88-be42-b3aef6f088a3,Static Image,96,38,30
ac8acbe8-3109-4bc1-9e12-764b2e7452a7,Static Image,140,34,56
b935d738-88a8-4df7-83ba-52b28de8682e,Reels,195,45,55
2066a554-a6fa-4a20-831b-03e26435bbb8,Carousel,57,31,63
8c471d00-2347-43a5-b794-21327449b773,Static Image,58,39,29
cbe3391c-91f8-423d-909e-c80e93836823,Carousel,173,22,76
4dda1d16-28d7-4299-8faa-d98ea8dd4915,Static Image,155,37,40
86f2824a-48af-41e0-9b8a-81d6a96128d7,Reels,135,24,75
90138956-41bc-4a89-bc3b-a4567a02f8a9,Static Image,56,30,69
81ded7e5-1fe1-4072-b627-142901d29dbf,Reels,114,44,65
1d1dc6a2-4f95-4d7d-bba4-0f3599851822,Static Image,115,35,74
40f215c5-5bb1-4db7-9b6d-d107e1d57971,Carousel,195,45,53
42dadd1a-1a95-4383-b6e4-bb6f99b8cc73,Reels,83,41,61
877fb826-8783-407b-b376-60ce2325bc34,Carousel,180,28,72
a760abe5-2a94-4d70-9b20-bdc61d06d5c8,Carousel,191,45,72
4bba280a-202c-4ad4-992e-2e5bbddbeb96,Static Image,128,50,49
11776a12-25cf-4df8-b01b-ba773118a605,Reels,96,16,31
1d2f921c-a5df-4f5a-b939-e7e871123a7a,Static Image,108,30,41
04d55fcb-8003-4592-bcda-5637cb3ea336,Carousel,56,36,77
8a5c4bc2-dfa7-4528-8a11-b86a391b4cb7,Static Image,122,30,66
c6bcf011-e1bd-4fd6-8e8d-d3eace1878c8,Reels,76,21,22
e4359447-fb33-4642-8867-feac6b665d0f,Reels,154,40,48
a34aae5c-4707-406e-8934-bb1f8bb0d2b8,Carousel,108,40,27
36f07a63-fcb7-4d36-959e-10cd96a0f1ef,Carousel,170,23,34
c89ba9de-d123-4a11-a803-7125d3d9e84d,Static Image,192,30,46
076138a7-7b2e-4be6-95c3-4a1ab8457185,Reels,102,41,49
37bb7382-84de-483a-82e0-cbd37f7e46b5,Reels,163,18,54
bc49058d-5381-436b-a7da-97fb6176019d,Reels,196,10,67
1544bf57-0092-49f8-b0b7-8eab12d305c1,Reels,77,17,56
18b553d7-d485-4928-a0c8-a31178737f9c,Reels,160,20,68
a5059fae-c919-4277-ae10-4645f752797f,Reels,177,30,52
fe85c63a-ec33-45a0-b9b4-73a9c376b33b,Static Image,145,42,67
08166703-913f-47a7-ac9d-a68d83e02b27,Carousel,172,45,61
fde82726-6179-4f2f-b34d-cf5962c49b22,Carousel,123,43,71
9caea32e-17f8-4571-8cdd-37eec0c881e5,Static Image,54,15,62
3585be7f-613d-405b-b581-071890d26d8b,Reels,139,47,73
0a85cac2-eb54-485a-9439-9963396ed1e1,Static Image,165,35,75
1a5ad2e5-aa04-4adc-a934-de2e1e471fbc,Static Image,59,47,25
47370fec-503d-4f0e-867b-0343b4079311,Reels,115,14,77
865fc283-8635-4d8d-a66a-2e39aa2328c8,Carousel,62,21,80
26c4832f-7841-4302-93ad-568dfdf9bf69,Static Image,102,10,52
bc6baafd-6af1-4823-9af7-ec729414b9b7,Static Image,169,12,67
e333d31f-281b-4a9d-a9d2-5f375a0ff8b4,Carousel,177,48,56
a5f66a39-88e5-42fc-9643-5b1c303b0ec7,Reels,78,14,38
efd08231-af1c-4779-b5f2-a69e4d634f24,Carousel,60,29,35
fae52637-23cd-4a3d-bc0f-8f3fb14cd4ef,Static Image,104,48,20
14ff872f-746c-4273-8555-f4137f49fc8a,Reels,101,32,80
a3c581dd-cbbd-40d2-8a06-eabada06d321,Reels,64,50,68
3fdbd343-342e-4e95-a485-447d38912683,Reels,68,27,36
b83b2bd7-90ff-462b-977b-fca324588635,Carousel,158,24,78
75c5f402-cbec-4cb8-a6af-de8f92fba00c,Reels,195,50,50
7e4136e5-0422-489f-8fba-3ffb768f842f,Reels,148,11,29
a8e6f44f-500e-45b6-aff9-4328c57e3210,Carousel,164,27,45
1f7ae61f-366e-492d-adcc-5519361ce7c3,Carousel,89,13,31
3fd217b8-213b-4fbd-9b0e-9eb62a6f5f99,Carousel,170,41,44
e97a7666-83e0-435e-bf1b-18de38ee17d5,Static Image,142,34,72
ec1ea6ec-8896-4293-b986-edc6386b4dce,Carousel,179,17,52
8cdb6899-d212-443f-a37d-d7511d3e2aa6,Reels,190,49,74
13f4efa9-64f7-4d1d-992b-7940d3c5dffc,Static Image,183,10,55
31e62e87-bace-4fa8-8bb3-c6e39f553864,Reels,170,43,56
6bec3d96-6df9-4911-a1fb-ae1c843d9ad5,Reels,97,50,34
8071b38b-d6b6-4c1b-81a6-41efe842ea97,Static Image,142,40,61
9ee76cd8-7c81-4e28-b7dc-1b065a4174a6,Carousel,85,41,26
df367e28-e27b-4952-8cd0-16cd786a5802,Static Image,62,34,20
79c0bfef-65c6-4a36-8880-82d9062f7704,Reels,68,11,21
befb5605-8128-4168-8fe1-a8022ba7a9e6,Static Image,153,15,21
be4b1da2-95cc-4408-98be-456d4664779a,Carousel,158,18,65
07317ac1-1947-442c-a08b-18d493bf8d09,Reels,108,40,21
b78a92a8-1c0f-4db4-b48b-f68c50977b81,Carousel,55,32,43
8b13b3bd-c824-4dee-a176-494da3ca1144,Carousel,100,50,30
ceda7241-0080-4117-b264-5c6269e25d93,Reels,114,22,52
c071d595-ce2f-4bde-b308-b911fb01f65e,Static Image,76,42,35
80efa01b-4010-43d2-bce5-cbc61a5bf62e,Carousel,61,34,59
4de26393-b37c-488d-915f-c67be3a196be,Reels,58,38,22
a1094309-3887-4f2e-b8fb-c3c1d5549485,Reels,125,30,55
a9a18ddc-afe9-4bbf-bbe9-3e118f8ed859,Static Image,76,42,65
cf83ce6e-15d9-4b68-89e2-174f31c55247,Carousel,187,14,76
15feb640-67ff-4667-969e-2df17865e9a8,Static Image,51,29,67
7182e76f-aeef-4f76-866c-e80df8240272,Reels,121,20,21
ece417e3-548a-44c6-ba1f-62378e46e7b6,Reels,151,31,61
e19b1891-5bb1-4ee0-b39e-008b1d82bb4d,Static Image,86,34,68
a82e3153-ae35-4acc-8cf2-3390c99fa558,Reels,147,28,60
9f152f5e-5a27-41f5-8014-267989adc0ce,Reels,103,23,39
462e9579-a89b-4a16-a1ee-93f1fcffd222,Carousel,119,32,70
ea143e62-2128-4d02-bdcc-4445e838a63b,Static Image,175,20,47
11bfc714-e53c-4578-9213-212fe1bdf450,Reels,146,37,58
e5e30c95-2b23-437b-9002-a33d3295a4cd,Carousel,160,42,73
ecbf3662-f55d-4f4d-b1a2-dae827e5397e,Reels,176,25,61
eedf9a88-eb5e-41e9-a245-a614384a3235,Static Image,176,16,80
abc0c813-bed7-4945-bbf9-77aef0eb4cb4,Carousel,125,30,65
95e4d133-b44a-4bb9-81a3-3bf284756385,Carousel,61,38,50
926f45b4-d7bd-4c4b-8683-9219bb7ad406,Carousel,165,13,24
140f8afe-1123-4f33-bc6b-e9d9aabf29f2,Carousel,69,23,27
4341689d-78b4-40c4-9cfc-e78bc63851fa,Carousel,109,20,67
9d35584c-60da-4233-94b2-9e41fd56d7b5,Static Image,85,20,34
563c27d4-b1af-45ad-94fc-4fbecc7ef82a,Carousel,190,45,69
2f9075bf-8112-4cb9-9082-1f8cc40c39bc,Carousel,57,15,56
32913525-c108-4929-8147-d2ffbd2f88c6,Static Image,189,28,66
d1b0a8b7-3fc4-4757-8187-12a1b9545290,Reels,165,13,40
983bab43-c1a5-48f0-b00d-102352821ae9,Carousel,171,29,68
67a90486-fd4f-4b82-9d51-52158087fcd9,Static Image,166,38,41
ebd58b15-fcd2-42b9-8cac-2ca482181f76,Carousel,92,12,26
0101a8d4-54d7-434d-85a8-58470c22e56d,Carousel,197,47,61
3803cbdd-6d53-4fc9-bcac-69e91a9fdb79,Reels,188,35,61
1062af39-5b62-428f-82b9-73aa73719594,Carousel,144,36,35
82413187-d970-4ec0-a569-2e27170c59ac,Reels,149,23,56
74fe4f05-53c5-4c0e-a08c-37f62f56e4b8,Static Image,80,21,69
e51a68a2-1d93-4032-bc35-48c4e1c9e6ce,Carousel,113,16,51
484a80b6-ddfb-4ad8-bf91-676ce768bcd3,Static Image,71,25,65
363bae9d-0e2b-4cdf-80ae-5a54416639a7,Static Image,143,33,29
b97be725-1e6c-4ad4-a515-1ff7f5232c8e,Reels,72,25,43
fdb08716-b91e-4393-843c-e81d35026312,Carousel,63,36,48
ccffcdf2-f7b9-4b7f-876e-cf590b7a4dc0,Reels,50,37,53
f13f6362-b7a8-477a-aecd-bb7c4cf7d9e0,Reels,66,10,70
ba439fcb-47c8-48d0-b11e-4f20aa0c7ee2,Carousel,196,44,39
7a71a583-8348-4ce5-b803-3f08970b382d,Carousel,109,39,47
649895d6-c13c-457d-8c53-466f01d13902,Static Image,150,21,57
42927390-b645-4170-9b74-89751bf11867,Static Image,90,45,70
2255ace1-a265-4d46-9ae1-0bf6d668e2ac,Static Image,70,48,54
50294f85-9a1b-44fc-89cc-f71e548c5be7,Carousel,146,24,63
a3ca10a6-b7da-4e92-b7dc-2d196d01ecf9,Static Image,67,41,27
c54a031d-0f46-4a3a-a820-a1d01be895e4,Reels,150,28,51
d2d3afcc-15d9-4900-9a2b-7a6288996c5b,Static Image,100,38,46
defdca55-de23-473c-a645-aa5e19ca671a,Reels,104,41,65
ff2d407b-df1c-43a1-9e82-9da34bb88877,Reels,115,18,22
6c2c9114-293e-4dae-b2c8-729b3621c72b,Carousel,110,13,54
8213cfc0-863d-4c13-aa41-b94d4c5e952b,Carousel,88,13,24
030c7645-6282-421b-bf09-7fa4bdf1d03d,Reels,182,16,42
d436ac27-f911-4e49-9e03-e0a77e603c21,Reels,78,44,53
5cd56030-8ad6-48c2-9311-20acc7443f07,Carousel,182,46,61
2d820696-1cf0-4d32-bb56-62a414bd4291,Static Image,76,50,58
bef9c5d7-ace3-4595-8d13-d00b6675a3df,Carousel,200,33,74
4756bb0d-1b1d-42ed-a9e1-44a2cea5e808,Carousel,106,13,60
4cd41235-052a-4fae-9c83-053b8db0b78d,Reels,68,26,39
788237d1-95a6-48d3-b811-26add0851947,Reels,69,16,53
b2bf651d-3cf3-4e7b-ac4f-7dd5f6470d60,Carousel,94,17,64
427a638a-d623-4d2c-afe9-4d632e07acf1,Carousel,67,24,61
b412e2e4-4c0e-4676-906e-17fbffa19ef0,Reels,64,31,35
7175d044-b46f-4896-b2ea-1330d8897c5b,Reels,86,37,42
825ab5c4-cb8b-4c22-a4bf-ad419bf5b2ea,Static Image,108,14,61
6bb807c6-2b83-45b3-bae7-b9d1ebd6bf2a,Reels,123,34,50
b71eef19-dd75-4811-bb14-f223f7c403bf,Carousel,120,23,65
fd76632f-1822-4e7d-b5ba-e176dd215c4d,Carousel,114,23,76
d65d1cba-da68-4e3b-a070-033718f56382,Static Image,97,28,30
bc335bf8-82ca-484d-9371-0048981c1e02,Reels,104,10,37
54e6a478-fcdd-4e8c-a4b6-6a35df15c464,Reels,66,44,73
bc534fa1-72a6-4579-a89a-27281307a154,Static Image,177,24,49
bd6d0b67-19c6-480f-90a8-13f7d92bd35d,Reels,50,10,37
5a99d67b-8b44-4a81-b13e-9d7517765570,Reels,82,21,31
15cca5cd-cd85-4884-9f69-472cc36d6d3a,Carousel,99,35,60
7f0b5a59-513a-4f7b-8911-82ee80ab3f5d,Static Image,133,31,56
b5ada427-abb7-4b8f-aaca-4fe62d08b380,Static Image,57,13,71
864e3f83-f764-4b86-a2f5-62f9ad307fbb,Carousel,145,31,22
45ad6ce1-1079-4a3b-8ca4-4880cf9a4656,Static Image,101,37,42
04d7dfc4-3b8e-4583-afa7-0a08126c6992,Carousel,51,40,56
5d732cc7-97a0-44b5-af27-ca2fba3a62cd,Carousel,172,12,35
b6c691a1-0730-4f24-b212-12cc18f89d80,Carousel,171,45,34
4a54c315-7613-4cf3-ad02-2b17913c2490,Static Image,106,39,49
222c9d1d-9dc9-4618-8ed9-0da77f08c8a1,Carousel,52,20,74
91eae055-84af-40af-9ee0-c2a3337e0bd7,Carousel,138,12,60
06279a96-adff-4f56-9abb-92b56352b5a4,Carousel,61,23,58
04b029ca-b6e1-4365-b00f-2870f9fdd651,Reels,183,39,31
cc36d667-3705-4a9d-9a6e-5f4c4767cebc,Carousel,165,25,67
7a9a6893-c2b6-4b02-a376-12acb81873f1,Static Image,157,12,26
6c1504eb-b49c-42a1-8ac8-11f2b330c40b,Reels,151,18,30
2ab8b43a-261d-4ae8-b66e-899009976b42,Reels,144,33,45
39323715-f31e-43fa-8b42-7df8fb68a7d7,Carousel,174,45,34
b2a2dd9f-7aa9-4263-9157-f97f62a56b9c,Static Image,160,23,53
51917b4d-32cb-4f63-876a-e294b2ea7d8b,Static Image,70,49,57
75e493a0-0d35-4f7a-9e73-27dc764c0f6f,Reels,84,19,58
809773e6-8462-470c-b86b-07c115283d70,Carousel,186,35,72
84a011db-c1b4-48a1-a3ef-e86780f99e07,Reels,74,38,26
7461970e-57b0-4ceb-b6a0-dad502e6c771,Carousel,156,42,48
b1111566-39e0-41a8-ad29-e13522c362a1,Reels,192,47,47
d8b1fff9-f343-46bb-a418-2f87c63e98fa,Static Image,180,44,72
34b899fa-4bf7-4425-9b74-607f40295f16,Reels,147,29,80
b2c161f6-f042-46ac-9cd3-1a45c5e84094,Carousel,187,22,51
1f4f3248-17b6-453b-b974-7389ab42bd8e,Reels,91,17,23
01f3702d-1fe9-43a4-a458-7d78b7b5b1f2,Carousel,173,36,43
fad7875e-a684-4f01-828f-928cad698d89,Carousel,163,15,76
5b9bd2c2-71a2-4b17-9b7e-dec5a3b6c551,Carousel,62,44,56
d5f4b1b8-bf2c-4396-9828-fa43337527c9,Carousel,150,19,50
dfa91beb-996d-42aa-80c7-9d91f0cba03e,Reels,149,38,61
0f5ff93b-a0e9-444a-8acf-50afa9d46755,Static Image,169,43,29
d974a75c-3ecc-4a22-84ea-500b64d686b5,Carousel,95,25,62
4ebea549-5a39-44a6-8132-e4ea466d6744,Reels,61,26,36
e25fa431-8c26-4b30-a153-c466585215e1,Reels,180,16,74
87c01dc0-d59b-4918-90a1-548ddd3b8671,Carousel,128,28,47
2cc0a618-2f96-4d15-af9e-002fc6c75fa0,Reels,196,33,66
2896e241-f23a-44f7-b455-d63fbe1c0d15,Static Image,159,41,73
4afd3de9-5dfe-4b8a-8ea1-8e38e573910c,Reels,55,39,26
67984e96-1582-4d70-965e-d82990f620f4,Carousel,141,43,70
3bb37461-ca80-4777-b206-8f61b5a78b52,Reels,185,27,54
2869f827-7a09-43b2-a096-5654bc416fb3,Reels,152,14,74
c3c72614-ec58-406f-80ca-4a646ad8d3e4,Static Image,129,24,24
1224e2dd-2961-4413-b88c-6bd551b85a72,Static Image,173,10,58
93a13b9f-909f-4eee-a317-8c3a3d88e7c6,Reels,115,32,65
43381ce7-b49f-4236-9524-4440678e572e,Carousel,200,30,73
50f54e01-32a4-40d2-b808-35f5a972de8f,Static Image,62,12,27
d4f6db7c-7d71-4779-bf6a-2bdc3e946e30,Static Image,163,11,57
5b2e5720-97cc-4934-a126-7c9aa7a556f3,Static Image,182,24,65
496363d0-84db-43e6-ac42-773383ab9af9,Reels,152,24,62
46bf95c4-e3c9-42f4-99a2-1687907053c5,Reels,182,45,70
8ccc99f4-bbfe-459a-82d1-1cac62c5abbd,Reels,83,42,75
6a369052-c016-478f-8bde-da72c8df40c2,Reels,152,15,42
fb35404d-a1b2-4b41-a4a5-11134745af03,Carousel,130,31,40
86676612-a113-48e5-95ce-d7f577082084,Carousel,139,21,40
1c8941db-dd99-4fd1-8414-2b00ac486969,Carousel,130,47,79
ccb6a333-0483-4ed7-a252-6d40d976bb21,Reels,122,17,43
1fe401fa-96a0-49f6-aa09-dd35ab06c3df,Carousel,86,26,55
ec2985b4-4bd4-48b1-b624-8b1a3906564b,Carousel,140,20,25
5ff54f0a-d9f6-49c1-9bbb-304fddf3b992,Static Image,62,27,60
427e55ea-2bd2-4f33-a294-5f8f878fd395,Reels,148,20,74
64d3d9ba-eb94-4138-b8c6-c2c72f452542,Static Image,85,36,75
a5cbe3d6-a15c-41da-a18f-7ebca4f05575,Carousel,116,48,31
82803f89-03de-4ac7-826b-377c90bdb2ed,Static Image,198,21,49
d89ce048-39ec-4fcb-87f9-1c4695564bcc,Static Image,64,23,51
8e417dd0-0274-4efd-a75a-6af652c11158,Static Image,74,45,80
23c80ab0-c17a-45c2-a611-69a33bcc96d6,Static Image,151,27,54
032dd2b4-4a33-4b00-b14a-77bafe42bc78,Carousel,117,30,28
2fc16354-2167-4d71-aa87-2e7a60ba4e60,Reels,163,32,76
c9ae96d5-2a12-4eb6-856d-1c7df96809ef,Static Image,183,11,35
4aeed3f3-fd6c-49d5-8ed7-88be5a6655e8,Carousel,107,35,37
2b3b57bc-b4af-4896-bd8e-d6c2be5d4cb9,Reels,198,21,45
3311b4a9-1e55-4bbc-905f-677047a1e5a4,Reels,53,26,80
48d56861-faea-46c5-8172-4fa76e1a5c29,Static Image,74,45,63
b4c48c3f-c970-43cb-9fc1-6537f710ea42,Carousel,79,28,45
c7701c09-b8af-4e76-a81c-0c2e72943e00,Carousel,142,16,35
d16f65bc-3ae0-4e86-b6a6-79728081b6e3,Reels,142,21,53
b3dd6f46-eee1-4919-8beb-4bf74ea9bc63,Carousel,129,50,64
4f353adc-5c31-405c-aec9-d3a6ddb68f75,Static Image,119,45,52
e1d33524-9a04-4e58-b479-9d9253e95c16,Carousel,103,21,28
6424ebc8-9434-4f46-92ec-88986e70aeb1,Reels,115,13,37
8fa83d31-1a1a-4f45-aae1-9f6b4aba7edd,Static Image,169,28,36
0005736d-61c7-4a6f-bb71-ef443574b64f,Static Image,155,26,24
3cede4b0-15f6-4377-b887-726ad84e3e37,Carousel,179,41,64
c1e2eeaf-92fe-4707-bc4f-a8e55a3b1c77,Reels,168,40,74
708514f4-a9de-4539-86f4-f20ca7b31314,Carousel,187,23,41
167a703e-2a98-4ec4-bf5f-764fd143e6d3,Carousel,69,11,26
34c8aa13-30e1-460e-b8b5-a1726445f71e,Reels,84,38,64
d29cdc04-71e7-4e1c-87fd-596338f0b70e,Reels,67,16,28
f152158a-f9e6-4a03-95ef-b51214a4732a,Carousel,88,37,44
0421bf52-8888-4972-adf9-5dbc2f2f9a1d,Reels,156,21,45
57e74cd3-ead0-451f-8dbf-edf47115afc9,Carousel,187,13,53
8b2002ba-d4dc-4285-bd99-357f19a55b70,Carousel,137,46,77
89001c94-e46a-4b53-8cf8-eace730d6b40,Reels,118,31,29
72e411e5-4add-477d-82c6-9b3daad6252e,Reels,152,47,72
d5e17cc8-96f3-414c-9f7e-6e132107e05c,Static Image,127,15,47
ce46498d-baf1-4549-a1fc-2ab5d2eafb0e,Static Image,169,44,39
6ea32f57-7896-4241-b745-ab74c50a5ebb,Carousel,173,35,72
eec14d9c-f68b-4098-8685-a0991f969666,Carousel,160,26,34
b579f7fe-8cea-46ef-8451-96f520ef28e9,Reels,78,11,56
c44c5bcd-aef6-49a7-9705-d52531b58783,Reels,64,11,30
f9940cae-21ed-450f-bcde-03be2fdeed9a,Reels,143,19,47
b00d5daf-6b53-470a-93fc-a92812c9514a,Carousel,88,39,72
b4785b46-0b0b-41eb-a2f6-6c8a05d53e10,Reels,148,37,20
bb36fd57-176a-4d53-bc8b-40de951956af,Static Image,188,34,55
fbf92f77-1b57-421c-ac0f-5e9e50c08c51,Static Image,191,19,69
31fb2ad9-888a-4871-b41f-a6b74c2b68e1,Reels,178,18,24
074d9c7e-112e-4115-8dee-a931197baf79,Static Image,129,24,35
0564a681-0c13-482e-980b-b4290ea863c7,Reels,85,21,42
6a1987b5-1559-480c-a889-86b16d82950e,Carousel,146,20,75
7eb242d0-26c1-4bae-997e-32b5afc01393,Static Image,86,50,25
de93ad67-9c76-479c-876f-9d8a1297dfa0,Static Image,104,30,53
2c7a9d4c-99d2-4908-8f20-074dfcab21a0,Static Image,143,37,36
1bc00633-f915-4de9-ae18-025e60af93d5,Static Image,169,24,23
9b98291b-11cc-4553-8f6a-66ded5589c80,Carousel,146,25,25
d50addaa-4c73-42a6-b5b8-f56342a849f5,Static Image,199,35,70
3b0729a5-ddeb-4a19-a0d9-e370aec931e9,Static Image,144,36,24
57121f76-5713-46e7-97a4-7b91950ee9c7,Reels,53,24,56
78bfebc6-1f68-4106-aa33-adf9c580c53f,Carousel,187,33,23
3a037d27-f2ea-4d11-8fe4-dd6613f844a7,Static Image,84,26,43
287e3087-10e9-4288-8260-80da966976bf,Static Image,75,39,53
a5bcd999-bd09-4cef-ac33-03b7433c85d1,Reels,61,27,76
680d694c-f91e-49d3-87d0-5813b0f09f52,Static Image,164,32,71
98d011dc-4a5d-41c5-80f2-18e4d04a0953,Reels,171,38,40
6b81c7f9-969e-47af-8119-4704e2a0b212,Static Image,174,45,63
5ccc0a45-7dd7-4508-b5a7-9e9d48e2ff6f,Reels,97,22,21
6dae75ed-cc48-424c-be67-5c9c0a333bd3,Carousel,78,50,25
a0cf780c-db1b-427a-804d-adda4c411b99,Reels,91,50,23
4c3d4f42-3d2c-4c7e-a21e-4c02cbb6cb97,Carousel,140,48,33
efa4f8de-07a5-42e0-878f-6b0d4af80950,Carousel,66,40,39
e04c20dc-322c-4082-b86f-91be74106dd7,Static Image,167,23,66
59f4688d-d6a9-4d31-8d81-4fcdd9de3798,Carousel,161,43,20
7771dd1a-0f30-42a7-9dfc-76ff976217e5,Static Image,79,31,35
9d78bec6-1f40-4a70-933f-70674477fd93,Reels,149,45,47
620e4e83-f822-4889-9a9a-3ebada71faad,Carousel,131,13,56
16dccf48-d8c2-4d20-9bbe-922a029b30b4,Carousel,94,46,65
db6cd33b-a7c1-4734-b472-fc2519c16ce1,Carousel,118,43,80
ab3e49a6-81d0-44fc-bbe3-00b884fd9a3f,Static Image,108,29,57
d8a3f42d-52c3-462b-ab37-d40cc249e414,Static Image,64,21,43
24a86854-a5f4-40a1-9feb-caad8194ac56,Reels,152,26,51
082dbdf1-d373-4e11-a0da-0c8d50bb69ad,Reels,185,24,34
9a6f4866-96d2-48a9-a352-2df0e7212fd6,Reels,177,27,74
41201427-fe7d-4463-a0a3-ccbd9dc78309,Carousel,133,12,69
3eebb554-02d2-4eea-a883-8b9bbfbd93a9,Reels,96,24,65
500f46ad-a291-44a3-833f-1643ebae6a97,Carousel,180,37,37
fa71b09f-f163-423e-b724-3241ca754aa8,Reels,93,41,61
549ed33e-7d36-4408-af7c-5bc6092ff162,Reels,189,11,35
01d39e43-32d2-49ec-a99c-0d88b6a5af57,Static Image,172,48,42
9cf7c1b0-4f92-432b-b38b-ee80775e73f0,Reels,71,19,24
9d99c04c-7c16-4b69-ae46-312f9d18eaf3,Static Image,114,30,55
2702eaf8-f676-4a69-ac4d-98dce22b2571,Static Image,66,28,42
60327e2c-3b5c-479c-9707-60b007bfc6c7,Carousel,125,46,49
ca9ef5c7-3c68-4432-a242-8c18b4699c87,Static Image,140,39,41
986ac4bd-bc69-495c-b56a-114b7b4ff142,Reels,197,50,71
2b928daf-3890-4a22-8c4b-a621c682d2eb,Carousel,50,41,48
dd63ba01-5a3a-4a8e-8897-7fa987553b89,Static Image,110,23,21
eb7f1885-c354-4967-881d-059ecae3866a,Static Image,74,24,55
8414d6c6-6d5a-449f-bc1b-7fd519c0b4d7,Carousel,141,30,22
e63ba072-1e9e-4fb4-923a-e963f3a06358,Static Image,197,33,78
228982c4-7bc2-4eeb-b468-0ad6c9dd0ef4,Static Image,114,17,74
ea6861d0-b2bf-4e37-a1d8-4e11e9858ed4,Static Image,174,16,79
9d46d8ad-b0e5-4ade-86c7-29447ab87c4e,Reels,190,10,29
ac05dbae-d3d7-4059-b907-b9eb2910dd59,Carousel,120,36,32
524897a4-53b7-412b-9ad2-5b029842bb32,Static Image,120,10,73
5930dcab-69a2-4634-91db-7feb8828887c,Static Image,152,41,21
bd2dcf73-8904-4ffe-b30d-87a9b373fafe,Reels,96,18,64
3ad2d23a-e5bf-4ec2-a5c2-4940815839a4,Static Image,154,31,36
f336beb6-28bf-416c-95ff-cc873ed697ee,Static Image,141,11,61
a530f990-4d23-43d2-ac59-982c40c13964,Static Image,131,34,39
4a30d9ed-4894-4d95-bfca-d19b7a262474,Carousel,105,36,46
37387499-c783-4d27-8f69-2bb756a1d1bf,Carousel,62,21,23
b609396d-391e-4167-a65f-69eb3b04d419,Carousel,95,13,71
1146470b-f6b6-428d-9cd6-f3b757db4d5a,Reels,141,40,58
632531a8-1520-471b-9512-c7cb83b71a46,Static Image,146,33,25
dddebd46-4067-4c97-84b3-9f8a9ca70a10,Static Image,95,46,37
f0239022-f6db-4df6-a024-06e451134723,Static Image,142,14,79
5f1f736e-444d-4af2-8c8e-1bb463eb9d7e,Static Image,137,16,25
fbe16cff-9041-47b3-8b23-418b3e44ce57,Reels,165,34,79
91507fdb-d13f-462d-aec4-d2ae38f2447b,Carousel,187,15,71
63d17ea5-e0b7-4471-a3ab-e90f76594db0,Carousel,170,25,73
c678bb90-1381-4700-8a03-1371066c7ec6,Static Image,156,21,53
042712dd-beeb-45e1-a1b3-d79637d3fc69,Reels,72,50,29
bf5c4fca-196b-4896-a90f-29dcc24c3423,Reels,188,41,76
e6bf9fdc-dcb3-4568-8b2f-fb284db42c93,Carousel,195,48,28
a895f9df-47f7-4446-85c8-e579f9fe7a04,Carousel,60,45,23
6b90d648-cc57-4024-b266-94d4021f4d39,Static Image,197,15,32
d71d061c-4ae5-4c23-97c4-3beb9917f918,Carousel,165,33,38
76cb7a5b-fad1-4f5d-ab97-a64b33127a83,Reels,188,43,67
7120e199-22a6-4ab5-a141-54006317f90c,Reels,106,31,30
9249f1b6-f911-46be-8e25-c97efe441af4,Static Image,123,29,25
889711a5-d49a-4c30-bf80-b2b57e7fa44c,Reels,180,50,58
6e004f5c-96ed-475d-aaec-3850e9ddfbab,Reels,100,25,62
b8c2a101-bbd9-4c4a-9371-39d94b08f05f,Reels,151,44,64
f182f635-75f0-4205-93b4-c3168f916aec,Static Image,146,22,71
25edb01f-284d-44fe-83a3-958ba79e756f,Static Image,67,27,53
65ef5fa9-b6e9-4c5b-bdb8-601e629e401f,Carousel,102,24,30
a053f9b7-cfc4-4d37-a102-c14d5e618fbe,Reels,185,15,79
4e02a9a8-fcee-418e-a29a-063195a45be9,Carousel,78,35,71
a94a87f8-1dcb-407f-8219-109752e33204,Carousel,143,42,20
22de8ea8-4339-41a4-a7c1-aba9fbb33b6c,Carousel,67,16,25
bb5783eb-6558-450f-9ed8-ff7c032b4cf6,Reels,65,25,80
5f3f7c39-4983-4e19-a186-3add28dce9d7,Reels,192,24,27
af009f7c-5546-4b99-a244-f996adc0513f,Static Image,77,19,60
463a1c99-b994-4c59-a396-872a27eea9d5,Reels,123,23,32
d2ffb973-6a2b-47a9-95e2-57d444251485,Static Image,139,16,66
5c96333a-a69e-4269-9985-c0758d9768e7,Carousel,155,41,49
1c48e154-94cf-412c-b9b5-6f0bffc93ba6,Reels,151,12,29
38f138d2-4e5f-4aff-b67e-8c4679ae5b17,Static Image,108,19,76
8cbb4746-1fb7-4c32-8681-2129b95b55e7,Static Image,175,28,28
8db85a79-b8f9-41f7-92e4-8a4138c0f73d,Carousel,188,33,35
81106af6-6ce8-4502-aa5c-debe7f32be54,Reels,113,47,72
8f397146-a673-4e6b-9a4c-12dced7cdf8e,Reels,94,39,44
d0749f6b-d57e-49a9-97f9-bfcb07945f4f,Reels,112,16,62
15d1275b-d534-4f3f-b055-97e9d1a77f85,Static Image,127,30,74
c9bb57c1-a2f1-4ec0-abc1-15cbda6de856,Carousel,121,29,59
7df8ec09-3044-4b5f-94a5-8de6695527aa,Static Image,141,41,22
d5ad94b4-881f-401d-ba45-b27209d3ce35,Carousel,113,41,78
94dceac4-c2fa-4855-817e-feea1cec6ea4,Reels,97,24,25
24f0c0d5-ae47-4c8c-bb29-4ab02e83fef6,Reels,183,32,26
8a7ec617-efc2-4895-84cb-3fb0a458e983,Static Image,127,36,29
0aae8660-38f2-425a-8f1b-8e1e57e29207,Carousel,129,28,51
6bac78db-d8cc-41f7-b846-97f01f684a80,Carousel,75,16,49
fdc642cb-7c4d-4b82-bb66-d36bf7fc4735,Static Image,101,49,69
e4822062-366f-4c18-868d-1b947eee902f,Static Image,94,26,50
3ece7a76-0363-489d-8308-5acfe51dded0,Carousel,169,40,75
1625ceba-c938-4fc7-8ab7-6544cc7e4347,Static Image,72,15,58
46b745f8-3ee7-46c1-aed8-b78ca015c0ce,Reels,114,18,39
c46e507e-f592-415c-8ed4-980a2202b0a5,Carousel,152,32,47
a0044dbf-376a-4ebc-bde9-fdc4b8bd1709,Carousel,102,15,49
1218d4fb-7a8c-42ce-be65-305e9c4d77db,Static Image,171,31,56
0140c8a4-4cd1-4d9d-80f3-9bb302fc239d,Reels,174,15,27
77c34a4f-a53e-499f-949e-1eb0677d79b7,Reels,126,16,41
5e946c1c-bf95-4c8d-89bd-0d9aeff78c53,Reels,172,25,70
16ac234c-85e5-413a-adf4-c00e0bcb6c7e,Carousel,83,42,28
fcdb4942-c312-45a3-a412-3b021046538e,Carousel,81,45,62
77feeb51-bc25-4624-8e46-47585c858256,Carousel,78,38,64
fa92d8a8-f1a5-44c2-8f97-ee4f1eeab4f6,Carousel,166,37,48
84475a93-6c61-46ae-941b-21e5c1dccd10,Static Image,160,13,50
dcc14e75-fa8f-4416-8b73-dfcd0b6c3f2e,Reels,130,39,80
a29504a4-e26d-431f-a66e-f7cba6054ec2,Reels,62,38,61
6f585a0e-3bac-4741-a06d-744379657c4a,Carousel,54,25,41
ad54f794-9595-4755-ba62-46a58705b94f,Reels,176,10,44
8791c146-30be-4c47-9f95-09e0fa17ba54,Static Image,189,40,76
ad9ce87c-570a-4562-8669-4ee52e3e80b2,Carousel,145,29,53
1c0e7a82-c119-476d-8f90-5462ac1bf57d,Reels,63,15,55
68498aff-9141-40c0-96bf-633ebcfc8fb7,Static Image,137,23,27
0a561669-f8d9-4155-a4e6-ae5f59247e80,Carousel,173,24,47
6f145405-a3f4-4267-b794-709a9ee0eee8,Static Image,133,30,36
9d16f18e-9f55-49eb-9cc7-0a79c2cc818a,Reels,98,26,41
f39d6e98-4ab0-40fd-a450-5c5d88ea82df,Reels,78,22,58
b875a1a7-53e5-41d6-b384-3e8429893c0c,Reels,84,15,47
438d6be0-1b7d-4d41-9a4a-d62f8084b4af,Carousel,76,44,25
22930d97-25b7-4289-a00a-aaeea151dffe,Static Image,129,24,44
b3262dd6-e9af-40d6-835d-6f89714eb43f,Carousel,102,44,65
e5a48d55-dfa9-4efe-91dc-a197a17378cb,Static Image,154,20,27
d77715fd-58c8-4ef9-b6a2-74ebcbdaabca,Reels,131,27,51
a7e4d59a-0937-4771-8d5e-bded9c5c6038,Carousel,96,23,79
c170b55b-6372-4cee-a181-46029845c6bb,Carousel,69,16,66
55cb5c8e-2ce0-4e85-8584-84d0beb6141e,Static Image,69,33,22
cdc50729-f175-40af-9992-aae8b2433a3e,Static Image,82,26,57
75523d92-1fdb-4d77-adf3-0da665655cde,Reels,118,17,28
198e57ea-ea6f-4df7-bce5-7c2c909e595b,Carousel,193,33,28
26b76d1c-b10c-4818-b2e0-58bff178f80f,Carousel,71,19,74
f73008a0-511b-4999-b71d-83516d6b031b,Static Image,182,20,72
2507bf54-dd0f-44ed-b951-6bc187333733,Carousel,195,19,77
5afd411a-68c9-4e23-b0d1-8dfd4b5a0450,Static Image,114,42,31
16794787-1997-47fd-abe3-236aa22be9d1,Static Image,172,20,34
ca58d156-381a-412d-bbaf-a9bd5a100f33,Static Image,133,19,45
0efe0dd6-400a-430c-b3e8-5b2c65dc5313,Reels,95,46,25
a1db4eea-8256-4a37-85b9-4df0a18d6d83,Carousel,156,28,49
377663fe-2a92-4a17-bdd8-ddcd186f7713,Static Image,58,20,43
42db3f68-b0a8-4210-8ef7-75ca9de0ea81,Carousel,73,18,42
71bf26ba-979c-46e4-825f-aaff7d26d212,Reels,161,16,32
de51205a-3b7f-4494-b212-1807b2dc2b0d,Reels,50,39,23
b6d17fa5-2664-416f-8b93-618e019d32d1,Carousel,168,29,80
e4dbbaf1-0df3-4741-8499-0e6ab4fd030a,Carousel,142,15,33
a1aea167-94bb-4e62-9288-046b07141a7c,Static Image,83,23,28
bf41aa45-fadb-4fd3-823f-1c752da9325e,Carousel,84,36,69
e9d1506d-34db-4e29-b525-726827a8d387,Static Image,56,27,25
283aa83c-960d-477b-9b2a-a2604ff5c1c5,Static Image,161,40,64
78bb36cc-6b40-4caa-9722-57e49a6ba2e3,Reels,179,41,60
92528a67-c1f9-46a1-9a72-723f93742889,Static Image,96,45,47
12fe2b22-afee-4696-a665-584fbe0d1600,Carousel,164,33,78
ae37d60a-36ce-479a-a91a-c3de7244ca71,Carousel,113,47,46
e6edd75d-4a92-484e-a469-f1c8854b0f87,Carousel,81,26,79
9f59e58f-e802-4eda-8d17-98c5374cda60,Carousel,150,20,60
2c6bb0be-add6-43f5-8e83-c1171919b69c,Reels,170,44,46
be74b737-5925-47c3-be5a-80c79e8046c6,Carousel,185,33,31
3cbd7d7c-40c9-4dbe-b754-3ff6007e6e14,Carousel,112,16,30
7f632e8f-0b84-497d-9c74-6a1f0deafb76,Carousel,153,29,69
b5666112-9cab-4e6a-b793-271d3ddc8e66,Carousel,190,29,28
3927b687-928e-4299-adad-4cb565f70bff,Static Image,127,19,72
d14dc5e7-0084-43b8-94bc-addfa856d04b,Static Image,182,29,71
6952d6d9-b47b-4509-859d-4e2802a99949,Carousel,132,37,31
3075ec3d-a3fc-4e8b-a80a-c593e1f6a40b,Carousel,64,11,50
4222e28f-52ea-4530-be72-5f5cc24b4a31,Reels,128,33,26
2697a158-057a-4624-b42c-febb799d52bb,Reels,129,32,43
811443c3-c89d-472c-9593-7f04a0009c78,Reels,129,17,21
bd4ccb36-f188-46e3-9946-2c5aa62074f3,Reels,122,38,49
b524e12b-a435-47fe-8158-7b8aeb9310a8,Static Image,185,19,39
3fbe2849-ed48-44f6-8d0d-67948762ff53,Carousel,144,47,71
0df9a3d3-4342-47ea-98dd-970ee2c66320,Reels,194,26,38
60108c47-793f-448d-8c3f-98b17fd312d4,Reels,70,33,62
5d7ac2ad-b487-433b-951c-4db2675945c1,Reels,167,34,80
ac588b03-293e-43e1-859c-81d334db3de9,Reels,186,39,53
af08c28f-9132-4d57-a313-e02de0162d8b,Reels,96,45,28
8844d1a6-6171-4653-9c80-666e8c48999f,Carousel,198,13,79
6550f6f1-70ba-4e8b-89f6-be312fb65774,Carousel,193,20,60
04003039-9aad-464b-89be-a7cbb108a949,Static Image,140,50,73
24c31a59-4802-48a5-a5bf-989af716e243,Static Image,113,33,63
cbe4e133-d59e-427e-a601-57aaf4eba3fa,Static Image,105,49,64
1abf8d95-dcb6-45af-b850-22ba54078a10,Carousel,78,26,69
134276bc-57a1-4747-a58c-df8d3f075484,Static Image,128,44,22
82cbc516-52a4-449b-b37a-71b64e9543ed,Static Image,182,26,71
c5ac81b4-9d03-467b-8dc7-a7bf3bdf6bee,Reels,92,25,64
f5fce2ef-4a73-443a-92d4-ada794d0b502,Static Image,101,34,79
690e10a6-bddd-437c-84eb-05edac07e48c,Static Image,164,30,33
b067dba8-21c9-4cc6-85eb-d3685924797a,Carousel,107,47,79
f86e62b8-e127-467b-9860-1f0129c4441f,Static Image,116,33,40
a271d0bd-6000-4423-a38a-bdb2a30f9ae1,Reels,90,13,51
e3502ee6-244e-49b3-a8bd-1eb3afa26a64,Reels,128,46,76
58809e2d-d1d1-4393-a95e-48044ac1de08,Carousel,175,26,69
cf7d6ac8-8a69-45ea-bd44-52a60476a765,Reels,123,26,60
74048614-150f-4240-afb0-14a5671a6649,Static Image,165,32,66
6fcfc894-9858-433a-998d-a18bf4168904,Reels,59,38,33
537c7174-24c4-4a8c-a560-ac16147ad249,Carousel,67,26,68
d0b65712-9db4-4967-b141-f45e7a65b0dd,Static Image,191,15,54
16f93ffb-d889-48a7-8806-63a270f2dd19,Static Image,186,23,25
f0c12706-9a42-4f71-89f2-4bc88d476358,Carousel,127,32,59
3ec403d1-4e59-4555-abcd-a79c3a1eab30,Reels,182,46,22
fbc0367f-36f1-4310-b526-ae5b8e1979c3,Reels,194,23,36
674ac26c-dcda-43b5-9dc1-dc673c687dce,Carousel,165,49,63
54e5ea1d-ec96-437a-a9fe-dab985ee1e58,Reels,168,28,66
e3ccd1c0-ce56-4243-9c95-e798ab439677,Reels,200,33,37
f2fbe6ed-148b-498d-9789-c58cb6c05144,Reels,162,15,76
22bef8db-266e-42b4-b5db-171bca6b9efc,Carousel,116,22,64
50831da0-7af4-4af4-84a4-51b8e122241f,Carousel,143,26,54
0acd6411-330c-475a-8718-265eb9120c9b,Carousel,64,12,21
9a2c7834-fbcc-41b5-a37d-d13b0ff602a0,Carousel,102,12,22
fbc73a05-dcfd-401e-8b53-b2144c9525c0,Static Image,69,48,23
c36f7786-e897-4450-82d6-566e5a784a80,Reels,136,35,65
97b15173-6f24-4316-841f-de02e985427d,Reels,85,28,35
ded9150b-4a88-4651-9242-e5e515badfec,Carousel,54,40,21
d5d5a42f-56fb-417f-a4f7-b66317c8c215,Carousel,92,46,21
e9c7d6ef-dfa8-49f9-b503-391383b177c0,Reels,91,34,79
833229be-e030-4b58-8b4d-7fd7b5058220,Reels,127,12,63
b8be738e-0d28-4957-bf9b-b0f69ec6bbd0,Static Image,155,48,66
e8f1d5db-f29a-4421-a577-12abf411b52d,Static Image,55,39,30
cbe4a619-b702-4d2f-9e55-321dc04d4625,Static Image,92,18,33
6788303c-ffdc-4cff-976a-24e94af61372,Reels,179,29,44
2a6f7a6f-e806-4943-84f2-efdc5c895a2e,Carousel,185,18,59
8423de4b-7f40-4175-bfda-a261d26c50c3,Carousel,64,31,43
2cd7327f-b2f4-4005-842b-d2b135cc26b0,Reels,144,27,27
41ffb5d4-7e6b-42b6-a45d-7ec7a7687d97,Carousel,148,31,59
0b2fc481-7fc1-41af-9c12-d4675920dada,Reels,197,39,33
ba3f0f33-0cd1-4f6b-835d-9c3650d761c4,Carousel,112,19,26
549b9e45-3e66-41b6-bb62-6f39fa10bd65,Carousel,177,21,43
f3621ee6-35de-4fec-918c-850e21cb1dc5,Carousel,78,28,60
6674939f-68f6-40ff-bf6d-c101c11bfaae,Carousel,70,16,62
a047e5cb-e9d4-4b07-8f54-55401a4a2870,Carousel,75,35,31
d5ff3288-38f9-4584-b171-d95a163cfc21,Reels,81,46,41
4e200b10-a827-407e-b5a1-2e223d36e035,Carousel,118,26,66
41b04a0e-f4a1-46af-9462-13b3836a9d81,Carousel,133,25,34
f5cda149-0ee6-4890-9da5-a4fda2d4d95b,Carousel,102,28,49
c539d6c0-50f8-4c79-88f8-35f408d8eb4c,Static Image,153,34,79
d9862fdd-9e82-47d5-9880-dd1aa3142ee2,Carousel,105,45,47
88e739fc-548d-44d8-9f53-9a3493c070ff,Reels,119,18,79
89f6d985-9980-440f-8338-4ef865c3543c,Carousel,77,42,50
3f2a1993-9715-41e4-b357-0358ece50cab,Carousel,195,17,68
3ae2f008-90ef-4f08-a823-1646ca023544,Static Image,131,36,31
dab27c18-03dd-41c4-bea2-f919ed2d48ad,Static Image,95,50,20
8de3699b-09b3-4875-b28d-e23fcbdd9f9e,Carousel,135,50,36
e9ed81b7-de25-4ea4-854c-177f81817d8e,Carousel,175,45,72
dc43b772-f925-4476-977f-50743014a6fb,Reels,89,16,23
88335e62-8feb-4e67-9d61-992c932c2359,Reels,122,49,35
0d624355-c434-46ed-8430-2388d03f212a,Reels,179,24,22
c5589ae6-c40d-496d-838e-caddfafa48ec,Carousel,121,28,79
3c5bd8e3-0b6c-43f3-9407-1b3e0ecbdc49,Carousel,58,18,49
45a38435-fae8-41c9-9a71-7d8730676369,Carousel,73,19,59
a065865d-4820-44fc-878f-735867cb49c5,Carousel,163,38,70
f669f3f3-64f8-4f7c-a9f3-ee83b0580270,Reels,75,38,36
32b83c1e-2295-45ee-9be1-4365c2015067,Static Image,173,18,20
046a7df7-163e-4438-b4e9-373f7ac72aa4,Carousel,84,39,77
5a5943e6-12b6-47a3-abe2-522dfd4bcfb0,Reels,85,46,51
8acd63cb-5bc3-4056-8df3-4a296b733cd7,Static Image,100,40,49
3512ea84-1126-42f2-a214-1a99e57341fe,Reels,73,43,74
85944341-0794-4349-bf7e-953c4da86f1d,Carousel,69,36,75
fa586d91-8535-4d5c-a93c-5b851bd514b7,Reels,86,24,65
992b1fdf-880a-4593-a626-46a56c632b97,Reels,58,49,23
559bae40-7dad-4e19-8399-8981229ff860,Carousel,86,19,75
3bd1cf21-3d39-4010-bde8-00548d6795b6,Reels,57,10,23
787de4c4-b985-492a-97bb-2837dc9fcf79,Reels,84,33,51
6d0e8e9e-90ad-492b-8f83-0ac5f437b3eb,Reels,141,31,32
422c0d51-817a-41ab-a4e6-dcc903c27f22,Static Image,160,23,23
70791ee8-2c38-430a-ad39-5b0420e02118,Reels,94,44,74
ac43455e-0484-45c1-822f-67c7a8c7017f,Static Image,165,44,35
e9544a51-b0be-49c0-8ee1-94b70f2ce01e,Carousel,56,46,78
4a4ce92d-3328-4dec-b497-a390023741ea,Static Image,125,35,27
6fa120ae-a02b-4c4e-af3d-2beee943c8c6,Carousel,162,45,76
bad1d71c-3671-4edf-a1c1-6b683c308dd2,Static Image,188,33,61
699566e9-6ade-48db-9e91-8359793359b9,Carousel,195,20,56
89b66c32-2722-4241-81a7-a3fcfe69acdb,Static Image,72,43,20
4434a187-2e05-44af-9514-9eae977904f8,Static Image,178,39,52
e3931dc7-fe10-4285-8c09-ef29eb63fd4e,Reels,159,33,67
f9d0eb02-6335-4459-832b-8adfee7a0fbe,Static Image,157,35,51
3f7c5232-638b-4193-a35f-b049e22440e0,Static Image,125,28,51
1e76cd7d-4722-493d-838d-a5213d52b990,Reels,158,23,24
6fac4a8c-a383-428a-91cb-96131b4b79bf,Reels,120,33,46
1afe72b2-63f1-44c0-adc2-24e975494181,Static Image,136,15,24
bd0717d3-b259-4bdc-8a53-f8684e8488ef,Static Image,108,47,60
b93c8b03-5a27-46f2-878f-dc762d878a47,Reels,103,41,30
c6a06b83-82e1-4762-889c-1dd04f528d6e,Static Image,62,17,45
87f7b33a-ebad-4c6a-bd1e-b7c806df91a3,Static Image,126,28,52
32cd2484-dd4d-49e2-8d47-14b67e3f5914,Carousel,89,30,22
7b1114fb-7973-4186-96de-54c543b46deb,Static Image,107,22,64
a888d9d9-6c99-4933-95cb-409a0db1f35d,Carousel,66,34,47
16e41f7d-f406-4c12-bf53-6310fb152b9d,Reels,153,16,72
0e7684e0-657a-48f1-9939-8f9216a6b0f7,Carousel,105,10,79
bcfef2b2-804d-45e8-9559-74901c722cd6,Reels,79,16,63
cc5210d0-bdf8-43ae-9905-ceb14a9eae29,Reels,147,50,33
62c67e00-1ea1-4788-9463-1abda8018b5b,Reels,139,11,22
e42d246c-ba07-4831-b29c-61263b9f1b09,Carousel,96,32,56
d1c9816d-6ec0-4dab-ba30-cff766d6acb9,Carousel,148,16,63
170a1102-329b-462b-b6cc-bf8d44de94c0,Static Image,98,26,74
a1fe2659-1e15-4cdf-9d47-e2ef4fdfa5f3,Reels,143,47,24
c541ec88-9add-4b99-ab4c-dae8e25ec030,Carousel,140,32,51
8ec0bea1-8f71-4062-8b01-ac68e61cf48a,Carousel,177,10,52
b8e00ba9-309a-4538-a2c8-5e1a4552415a,Carousel,193,38,79
f3630c2e-921a-4f5f-9ac3-0aedca219c89,Static Image,195,31,79
123ea0f4-f306-400e-8596-9fe054586ccb,Reels,99,36,80
4a73b34b-5544-45d8-9c72-804e04a58883,Carousel,147,40,75
677ee371-a123-48dd-90b2-0f711dce76e8,Static Image,89,34,53
d458eb68-cfd9-49b0-8910-74a2fdc9c965,Carousel,163,39,21
959ad3bd-f52a-4e2c-8a2d-f3a8dfbb4301,Reels,141,34,60
9cb4c92c-e808-49e1-b961-59ae4b949b0f,Static Image,146,25,32
ffa352a3-79ea-40b0-8994-5aa3a2ae1daa,Carousel,58,37,61
9d49f52e-2aaf-41fa-b366-14ccf5e12050,Carousel,125,38,66
a87a7f32-e520-41b6-861a-301f19d21fed,Carousel,125,14,22
8bc17c98-430a-44e1-ad63-a4e3aa5a3a24,Carousel,104,14,73
38bf6020-7935-4c93-9495-6f6699a690f3,Static Image,135,39,26
91bfa645-766d-4c9f-b1b9-e1390f670c05,Reels,171,33,73
75805d63-b8be-41c1-8912-9c0a8f28901e,Reels,134,32,57
344953cc-380b-49fa-9bd5-ff269f726dad,Static Image,50,13,38
320749ce-1ebc-4a21-89b8-e8fb049a66b0,Static Image,173,16,47
124b4a42-9407-4877-b578-96720f706492,Carousel,134,20,36
9cbfda9f-be39-4bb3-b5bd-d4a954be75b7,Static Image,105,35,45
18b2405b-99c2-469f-9bea-7573ca919d7e,Static Image,133,20,69
1f48c302-5a5c-4c54-b3fc-26230bb99751,Static Image,175,47,21
9198ac2e-ab74-4edd-8980-badbc4d7ae4e,Carousel,96,21,78
5ab40851-5d9f-4875-82d5-fdf3259b0fac,Static Image,144,39,45
e40a3afb-f184-4f6e-9e05-7f1e61f008b4,Carousel,103,26,54
2f056e99-d5b2-43cc-8b0a-efbaf9f6bece,Reels,183,26,24
4f1e8767-cac6-45a4-ba95-d17d1c205e4b,Reels,93,48,44
c0d5100d-62ff-4a76-a73e-d5e82babeba6,Reels,81,14,71
d2ebb113-860f-48f1-a88a-0bdd136420bc,Static Image,64,41,44
39b7770f-5204-4db2-b42b-8f0d55246965,Reels,181,40,57
1c08b184-801c-4242-9b2f-98027bb0a859,Carousel,57,39,74
10353b8b-24e8-41cc-99b4-ef74038c0c02,Static Image,110,37,60
ea5dea10-5fa9-465a-9d4f-66c3ba8f2194,Carousel,115,20,34
3302224d-3f71-4801-be03-6d0ebb07e74c,Carousel,200,13,43
5a64aab2-2435-42ad-80ba-4ea02687e65d,Carousel,149,16,38
84815f05-e94e-49fd-83d4-7556ab94d158,Reels,178,35,74
490b1dc5-3d63-469d-9584-fbf574494c0c,Carousel,97,45,48
e1ce1330-a7b3-46b1-b718-55f83f138041,Static Image,152,27,30
d10557dd-8215-4404-b328-bf9ec008bb6f,Reels,114,50,79
a60a8939-75f3-42ae-96db-0a49fbe708f6,Reels,123,38,35
014fbabf-5186-423c-8a1e-dc3f2ae69009,Reels,89,24,58
dc9ef753-3b60-41c2-a9ea-7d2c4bb924c1,Carousel,129,18,71
0a82f033-8025-4bf1-b809-a0e3166f68e4,Reels,199,31,56
438518d7-e8c6-444f-b980-d62084f14dd7,Reels,75,43,33
4582504a-2ea8-4078-8042-9da97246e85e,Carousel,71,38,36
4621ba1d-5826-4f4b-a1d6-15ab39cc4896,Reels,97,26,29
b93856c8-565f-45e0-a13d-efdb6761088c,Static Image,75,30,53
95d6f329-4533-4e7a-a4d5-c8e1e20cd47e,Carousel,102,33,25
ae140501-2dd3-43be-a912-00871e901ae1,Carousel,102,22,60
b3487f6f-3304-4aeb-a33d-78e284fad5db,Static Image,98,14,64
cb529240-2bf3-4cd9-9e47-5fcdf9e2ec2c,Carousel,172,16,30
ada43d19-604d-442e-8481-81d67ba0ce82,Reels,77,26,28
d1751ea6-b85b-476a-9aef-319e7967275b,Carousel,124,43,25
3229f9b3-e8e6-4162-9f11-9ab3b09f251c,Reels,59,40,39
66793e71-fb3c-4dd1-8d64-ff0846608647,Carousel,197,38,39
58d72ead-4c19-4117-9f47-7c2fccc570f0,Reels,160,47,42
6c91ed16-2e23-400d-8e3c-055e6e4f63d0,Reels,149,14,63
8ac8097d-6fc4-4964-9d27-c93061d3b17c,Carousel,53,20,32
7356e06f-0812-40ef-8d1e-8af96461362e,Static Image,114,33,63
c6969eba-1332-46d1-b991-eed869fc5227,Reels,85,25,71
94fb3e89-1800-4f91-99f5-98b4cbdf802e,Reels,198,39,65
b47988c2-2dc9-499d-95df-000aa32836b4,Reels,71,17,38
60a41ee9-8ff7-428d-a531-b67102654c3a,Static Image,150,17,55
23486806-67f3-4609-9f4b-cea6df9dedce,Reels,71,36,33
7db44440-233f-4c70-a800-fe27391d9a6b,Carousel,65,46,31
6d042337-265b-48df-9cd1-593781b776bc,Reels,161,22,38
1f140a39-62da-4a2c-8254-2c67fa06a8ed,Reels,93,13,25
a7f31d9c-2cc0-4873-bbbf-e52f1a97ddee,Carousel,142,34,63
9f69954a-1621-4433-aae3-73e2d804126e,Carousel,167,24,58
81cca2a7-fae1-46e5-a59f-7a3fe8ab6fde,Static Image,170,18,53
7683099a-c344-48b5-a4ae-e92bf1c1d87b,Static Image,162,20,51
7532f28d-d77a-4788-86f6-64bee83f1d7c,Reels,140,36,55
10e0e3ae-b2ae-41dd-be1f-8d4d3974c372,Reels,161,18,64
cae6831f-964d-4478-ae8d-7a73ec45c248,Carousel,137,48,61
5741b334-b8b4-405e-aaf5-da04058c9a88,Static Image,177,49,54
86b01700-1651-42a1-ba7d-68fa02f72e99,Reels,95,42,74
2297ca98-58f3-4be0-ab70-e4e0382264cd,Static Image,186,37,46
ad08a7bd-d0f3-4d62-9790-16b3e6c5b78f,Static Image,141,27,72
3948af31-497e-41aa-900a-541451e8947d,Reels,152,21,71
833e54de-dbdb-46f4-9644-223e0389066c,Reels,73,24,34
877df591-8d0f-4913-acda-2f603d14b97f,Carousel,112,15,37
24d61279-cb22-4167-8a40-e338ca78c134,Reels,156,43,33
21b406f7-5588-48f3-b012-3319ec3d7f8a,Reels,128,37,73
b55df48e-faa6-4ebd-88d8-2a7e98109631,Static Image,110,28,41
ad8bf4b3-f769-4c9e-9340-6d6519f21abf,Carousel,128,35,33
861afae7-737a-46c2-8487-6b57a0339108,Carousel,97,43,22
21d20885-c805-4df8-98c4-a0525c48cdba,Reels,191,12,37
050c8706-7a92-4ed3-be96-4a4fd9d00a17,Carousel,164,29,79
f9612037-1044-46e9-92e0-352b9f6aa2c5,Carousel,118,23,58
73270b4a-1709-4850-95b4-0707fc948766,Reels,137,30,71
be5d179d-899d-4edf-be5f-0532fddba8e1,Static Image,157,34,55
8f02d0b2-d656-4858-9644-a831e0fbe181,Reels,103,28,21
0666b241-b7d2-4e9b-8f7d-ce8351bd64e9,Static Image,69,39,73
1162e276-7649-4e0b-b8c6-efc15ad8bfc3,Carousel,154,23,66
8de1102e-24e0-44f6-b7d0-1de910e8e37e,Static Image,129,23,23
24350e3f-ef82-49d5-98ef-3de4893fc82a,Carousel,95,10,23
fe71adb4-a13e-4842-8f8b-31a9ebed5508,Carousel,136,26,54
01627fca-a8b6-4dae-bb2e-ea335a4aea9b,Static Image,92,35,30
c532a824-5248-4d49-bd97-71e1c3245f8a,Static Image,90,18,77
e4b059f8-df53-42b8-b2ee-22d666d7d67f,Carousel,181,18,57
be373176-5bfb-468b-8c58-01cc77e42dea,Carousel,164,17,48
57a582ce-5f0b-4b68-99c7-57e9762003f8,Reels,122,26,51
b9ac8295-c156-4b1e-a5e6-bb98b015fdd3,Static Image,138,11,69
30bd0990-c91a-486f-896a-2c758b455eb0,Carousel,80,46,36
a2f9a548-bb72-425a-a22b-18aec7b3851a,Static Image,108,36,73
23f11863-b6f6-40e2-8b70-03b389b6aa9a,Reels,91,34,26
f51d7be6-9e90-413a-a1f2-78c6084654c4,Static Image,83,15,40
e71ca9c5-d836-49af-8088-0d946855f717,Static Image,79,23,54
c53a2e15-2735-425d-abc0-bc60c3e48d78,Reels,66,43,76
578c661b-4373-41fb-af52-b0e491179bda,Reels,122,35,27
6e5d99de-069a-4702-aabb-48afce5d6eff,Static Image,71,15,39
cae495e6-3382-4966-bcab-b157d44c33de,Static Image,70,31,69
5a7c9634-f29d-4d3d-8fd2-aae35277231e,Carousel,109,13,52
2e2dac91-4c41-440f-b418-c6218be689a7,Static Image,165,31,75
cf3d14d4-01b5-4d37-a83e-5f0f1ed688cf,Static Image,165,17,51
18e76e8f-e472-4b9c-9ee8-183d1b811168,Reels,121,32,69
add9f9f1-6946-4001-8d19-fe651c44d6a7,Reels,117,18,54
3dd4d6f5-0410-4246-848a-d048dc53183a,Reels,126,39,29
581ca8c0-e272-436d-9f5f-e508692f601f,Static Image,107,14,22
9638d2a6-2343-4315-9b3f-e74691be5a7f,Reels,109,38,73
5a2be6db-c3fa-469b-8cc8-ce31377db67a,Carousel,103,20,49
70400550-01a2-4ed8-8e52-58cfdc21b6be,Carousel,175,36,78
3a206e30-5cff-4d3a-aa8c-2ee981ad25b8,Static Image,128,45,40
3cf2654e-ff92-4ae0-9cb2-a1720dc2058e,Carousel,130,30,33
e6374c20-ef0f-4ab0-9d7d-bafcec127b1a,Static Image,178,15,33
8b09dad5-e1fb-4866-a13b-43bc63bd2bf1,Reels,190,25,20
31c2d8f0-d7e6-473b-8887-1397a51e4d29,Reels,177,48,62
ecfeb104-0e76-43fe-a348-21809f9a9baf,Static Image,170,16,45
b528e7f1-592c-41bf-8cdb-f4d4f0786b8a,Static Image,53,48,51
4eb1f6b4-5931-4945-bad4-7cc24a522598,Carousel,172,15,59
a1655610-d381-410b-a447-18117ed9fc6c,Carousel,174,25,65
fcc6266e-04fa-4015-8ed2-cafa9ab38a17,Static Image,59,42,59
45c0d372-6d73-4e6d-8d87-35734f64f284,Reels,175,35,78
2e16e9cd-b237-41e1-8199-93086523954d,Carousel,151,10,59
4ce276cb-a66c-44a5-885e-3ca23e5ad2c2,Reels,85,28,54
468217c6-f4b7-4639-9903-21623d04921f,Carousel,146,43,42
8c8b84d8-26c2-495f-8253-6cff92122df5,Static Image,140,15,36
c55ab17d-2c50-4e77-81ac-fa52e2c3b3dc,Carousel,80,45,59
d2130f32-eb34-437b-922e-a4a4c47d5921,Carousel,69,13,26
936adff3-e5f1-414e-a667-3576ce49d938,Static Image,133,19,26
36b14269-d57f-48eb-bc44-d8d7872ef305,Reels,177,25,23
13bd5b1d-c2f3-4d42-a584-87f80b4ed4d5,Static Image,112,26,49
8b1e8311-9cc9-4cdf-b775-83b154605288,Reels,176,35,59
fd6a4307-2d24-428b-8454-d93c4c86fd35,Carousel,96,30,58
bc24021c-9ad1-4307-ad65-cd3db49208ad,Carousel,172,36,45
07df1d3f-2011-425e-ac65-6ac16b15615a,Reels,77,36,71
432b8c13-f4d3-45d6-a422-ad60137d88e4,Carousel,56,17,30
7f9024b2-bb1d-4418-8d58-fabf7f1b3b9c,Static Image,111,41,69
bf8fa295-0502-488b-b2ed-e6a4ee6ee63d,Static Image,153,25,61
ecee9baf-c0f5-4200-8ea2-db556b7dd0c6,Carousel,132,50,49
fb43d53d-96ee-4783-a6bf-de24334f3e31,Static Image,83,36,60
9aa2b893-ded3-4b68-8b42-0f7b91494f07,Carousel,95,34,26
e65ee971-a148-4cab-b1b4-507f97a00d1c,Static Image,74,50,68
992aeba4-3477-4a52-9d2c-af13a16abe36,Static Image,116,38,32
7040871b-0ebc-4662-805c-ee954e1aa8b8,Static Image,157,43,45
00d3f0af-d347-4cfb-a9cd-b89de52ae3d8,Static Image,153,13,27
9cb520a4-463b-4cea-8f63-c24f0353fbaa,Reels,171,31,47
309643cb-e267-41ae-afc6-3ef60cc11eae,Static Image,154,17,80
40df59d7-13fe-4db8-94bf-71daf62421c3,Static Image,90,26,72
78b915f5-5c39-4b5a-a988-e1f565bf1f74,Carousel,104,41,40
f585aabd-151d-4772-9012-bd71686b78bb,Carousel,106,11,77
a17884a0-958a-4447-8d3d-28e4ef7a30ac,Static Image,52,34,30
ab28e56f-209c-43da-92d0-a183c4eebc29,Static Image,84,28,62
a2ef71a2-f292-4544-aa88-7c4c57d5fdbf,Carousel,52,18,73
24933487-d6a1-4d89-8fb4-89b47f1535c6,Static Image,189,17,55
863586fb-288e-42a1-a69c-476923ed611c,Reels,94,22,35
682675bb-f1bd-4174-8cc0-a7415cdc5d23,Reels,159,34,41
c7d6559d-a6d9-4dd6-8a8a-00d041f1b21e,Static Image,134,11,64
b1b82c92-941b-41c3-b8a0-67fbf72458eb,Reels,125,33,78
06feda20-84ee-4195-91f3-8bf461c59a9c,Carousel,189,34,53
ed7aadfc-bc7c-469d-a6c2-084f6fdd9a51,Carousel,163,16,25
62e30ee1-4d10-4615-9f64-41319a2c2461,Static Image,74,48,49
32725625-bae3-4c86-91f2-50090e1a8e84,Carousel,170,22,71
e03caa45-8afa-4eef-8c53-29d960672dea,Reels,198,36,25
e0478f25-d201-467a-90ad-1d0a50fa7f97,Carousel,129,33,67
5593cd73-4fbf-426d-a86a-b8b711f8492a,Static Image,188,27,65
79f14a1e-ce4d-4ece-afd7-cb44d95ae776,Reels,163,48,26
